[
  {
    "name": "Acrobat Reader",
    "path": "C:\\Program Files (x86)\\Adobe\\Acrobat Reader DC\\Reader\\AcroRd32.exe",
    "version": null,
    "publisher": null,
    "tags": [
      "General"
    ],
    "category": "General",
    "lastModified": "2025-06-06T13:14:38.0000000Z",
    "fileSize": 4200856
  },
  {
    "name": "Belarc Advisor",
    "path": "C:\\Program Files (x86)\\Belarc\\BelarcAdvisor\\BelarcAdvisor.exe",
    "version": null,
    "publisher": null,
    "tags": [
      "General"
    ],
    "category": "General",
    "lastModified": "2025-02-21T13:35:32.0000000Z",
    "fileSize": 166704
  },
  {
    "name": "BleachBit Debugging Terminal",
    "path": "C:\\Program Files (x86)\\BleachBit\\bleachbit_console.exe",
    "version": null,
    "publisher": null,
    "tags": [
      "BleachBit"
    ],
    "category": "BleachBit",
    "lastModified": "2025-05-02T14:50:52.0000000Z",
    "fileSize": 69200
  },
  {
    "name": "BleachBit No UAC.",
    "path": "C:\\Program Files (x86)\\BleachBit\\bleachbit.exe",
    "version": null,
    "publisher": null,
    "tags": [
      "BleachBit"
    ],
    "category": "BleachBit",
    "lastModified": "2025-05-02T14:51:04.0000000Z",
    "fileSize": 69200
  },
  {
    "name": "HeidiSQL",
    "path": "C:\\Program Files (x86)\\Common Files\\MariaDBShared\\HeidiSQL\\heidisql.exe",
    "version": null,
    "publisher": null,
    "tags": [
      "MariaDB 11.8 (x64)"
    ],
    "category": "MariaDB 11.8 (x64)",
    "lastModified": "2025-01-21T19:51:42.0000000Z",
    "fileSize": 18209768
  },
  {
    "name": "Dia",
    "path": "C:\\Program Files (x86)\\Dia\\bin\\diaw.exe",
    "version": null,
    "publisher": null,
    "tags": [
      "Dia"
    ],
    "category": "Dia",
    "lastModified": "2012-07-04T19:07:42.0000000Z",
    "fileSize": 24576
  },
  {
    "name": "Dia Manual (CHM)",
    "path": "C:\\Program Files (x86)\\Dia\\help\\C\\dia-manual.chm",
    "version": null,
    "publisher": null,
    "tags": [
      "Dia"
    ],
    "category": "Dia",
    "lastModified": "2011-12-23T11:42:06.0000000Z",
    "fileSize": 1235119
  },
  {
    "name": "Dia Manual (PDF)",
    "path": "C:\\Program Files (x86)\\Dia\\help\\C\\dia-manual.pdf",
    "version": null,
    "publisher": null,
    "tags": [
      "Dia"
    ],
    "category": "Dia",
    "lastModified": "2011-12-23T11:40:48.0000000Z",
    "fileSize": 1406953
  },
  {
    "name": "FAQ",
    "path": "C:\\Program Files (x86)\\Dia\\help\\C\\faq.html",
    "version": null,
    "publisher": null,
    "tags": [
      "Dia"
    ],
    "category": "Dia",
    "lastModified": "2009-05-12T18:52:18.0000000Z",
    "fileSize": 56662
  },
  {
    "name": "EaseUS Todo Backup Free",
    "path": "C:\\Program Files (x86)\\EaseUS\\Todo Backup\\bin\\Loader.exe",
    "version": null,
    "publisher": null,
    "tags": [
      "EaseUS Todo Backup"
    ],
    "category": "EaseUS Todo Backup",
    "lastModified": "2025-05-27T23:28:30.0000000Z",
    "fileSize": 209360
  },
  {
    "name": "HiBit Startup Manager",
    "path": "C:\\Program Files (x86)\\HiBit Startup Manager\\HiBitStartupManager.exe",
    "version": null,
    "publisher": null,
    "tags": [
      "HiBit Startup Manager"
    ],
    "category": "HiBit Startup Manager",
    "lastModified": "2025-01-15T17:57:00.0000000Z",
    "fileSize": 11128832
  },
  {
    "name": "Local",
    "path": "C:\\Program Files (x86)\\Local\\Local.exe",
    "version": null,
    "publisher": null,
    "tags": [
      "General"
    ],
    "category": "General",
    "lastModified": "2025-07-09T15:22:32.2925042Z",
    "fileSize": 169215392
  },
  {
    "name": "Visual Studio Installer",
    "path": "C:\\Program Files (x86)\\Microsoft Visual Studio\\Installer\\setup.exe",
    "version": null,
    "publisher": null,
    "tags": [
      "General"
    ],
    "category": "General",
    "lastModified": "2025-07-08T23:47:27.6179538Z",
    "fileSize": 3131800
  },
  {
    "name": "Python 3.9 (64-bit)",
    "path": "C:\\Program Files (x86)\\Microsoft Visual Studio\\Shared\\Python39_64\\python.exe",
    "version": null,
    "publisher": null,
    "tags": [
      "Python 3.9"
    ],
    "category": "Python 3.9",
    "lastModified": "2022-05-17T15:46:04.0000000Z",
    "fileSize": 103416
  },
  {
    "name": "IDLE (Python 3.9 64-bit)",
    "path": "C:\\Program Files (x86)\\Microsoft Visual Studio\\Shared\\Python39_64\\pythonw.exe",
    "version": null,
    "publisher": null,
    "tags": [
      "Python 3.9"
    ],
    "category": "Python 3.9",
    "lastModified": "2022-05-17T15:46:04.0000000Z",
    "fileSize": 101880
  },
  {
    "name": "Microsoft Edge",
    "path": "C:\\Program Files (x86)\\Microsoft\\Edge\\Application\\msedge.exe",
    "version": null,
    "publisher": null,
    "tags": [
      "General"
    ],
    "category": "General",
    "lastModified": "2025-07-10T07:06:56.4966708Z",
    "fileSize": 4113472
  },
  {
    "name": "Nmap - Zenmap GUI",
    "path": "C:\\Program Files (x86)\\Nmap\\zenmap\\bin\\pythonw.exe",
    "version": null,
    "publisher": null,
    "tags": [
      "Nmap"
    ],
    "category": "Nmap",
    "lastModified": "2025-05-12T23:05:52.0000000Z",
    "fileSize": 107952
  },
  {
    "name": "Virtual Network Editor",
    "path": "C:\\Program Files (x86)\\VMware\\VMware Workstation\\vmnetcfg.exe",
    "version": null,
    "publisher": null,
    "tags": [
      "VMware"
    ],
    "category": "VMware",
    "lastModified": "2024-11-28T02:15:56.0000000Z",
    "fileSize": 14655352
  },
  {
    "name": "VMware Workstation 17 Player",
    "path": "C:\\Program Files (x86)\\VMware\\VMware Workstation\\vmplayer.exe",
    "version": null,
    "publisher": null,
    "tags": [
      "VMware"
    ],
    "category": "VMware",
    "lastModified": "2024-11-28T02:37:12.0000000Z",
    "fileSize": 1799032
  },
  {
    "name": "VMware Workstation Pro",
    "path": "C:\\Program Files (x86)\\VMware\\VMware Workstation\\vmware.exe",
    "version": null,
    "publisher": null,
    "tags": [
      "VMware"
    ],
    "category": "VMware",
    "lastModified": "2024-11-28T02:17:56.0000000Z",
    "fileSize": 2289016
  },
  {
    "name": "Windows App Cert Kit",
    "path": "C:\\Program Files (x86)\\Windows Kits\\10\\App Certification Kit\\appcertui.exe",
    "version": null,
    "publisher": null,
    "tags": [
      "Windows Kits",
      "Windows App Certification Kit"
    ],
    "category": "Windows Kits",
    "lastModified": "2025-05-13T13:17:28.0000000Z",
    "fileSize": 195664
  },
  {
    "name": "Sample Desktop Apps",
    "path": "C:\\Program Files (x86)\\Windows Kits\\10\\Shortcuts\\DesktopAppsSamples.url",
    "version": null,
    "publisher": null,
    "tags": [
      "Windows Kits",
      "Windows Software Development Kit"
    ],
    "category": "Windows Kits",
    "lastModified": "2025-05-13T13:16:50.0000000Z",
    "fileSize": 73
  },
  {
    "name": "Tools for Desktop Apps",
    "path": "C:\\Program Files (x86)\\Windows Kits\\10\\Shortcuts\\DesktopAppsToolsDocumentation.url",
    "version": null,
    "publisher": null,
    "tags": [
      "Windows Kits",
      "Windows Software Development Kit"
    ],
    "category": "Windows Kits",
    "lastModified": "2025-05-13T13:16:50.0000000Z",
    "fileSize": 73
  },
  {
    "name": "Sample UWP Apps",
    "path": "C:\\Program Files (x86)\\Windows Kits\\10\\Shortcuts\\UWPAppsSamples.url",
    "version": null,
    "publisher": null,
    "tags": [
      "Windows Kits",
      "Windows Software Development Kit"
    ],
    "category": "Windows Kits",
    "lastModified": "2025-05-13T13:17:00.0000000Z",
    "fileSize": 71
  },
  {
    "name": "Tools for UWP Apps",
    "path": "C:\\Program Files (x86)\\Windows Kits\\10\\Shortcuts\\UWPAppsToolsDocumentation.url",
    "version": null,
    "publisher": null,
    "tags": [
      "Windows Kits",
      "Windows Software Development Kit"
    ],
    "category": "Windows Kits",
    "lastModified": "2025-05-13T13:17:00.0000000Z",
    "fileSize": 71
  },
  {
    "name": "GPUView",
    "path": "C:\\Program Files (x86)\\Windows Kits\\10\\Windows Performance Toolkit\\gpuview\\GPUView.exe",
    "version": null,
    "publisher": null,
    "tags": [
      "Windows Kits",
      "Windows Performance Toolkit"
    ],
    "category": "Windows Kits",
    "lastModified": "2025-05-13T13:17:22.0000000Z",
    "fileSize": 640568
  },
  {
    "name": "Windows Performance Analyzer",
    "path": "C:\\Program Files (x86)\\Windows Kits\\10\\Windows Performance Toolkit\\wpa.exe",
    "version": null,
    "publisher": null,
    "tags": [
      "Windows Kits",
      "Windows Performance Toolkit"
    ],
    "category": "Windows Kits",
    "lastModified": "2025-05-13T13:17:28.0000000Z",
    "fileSize": 237496
  },
  {
    "name": "Windows Performance Recorder",
    "path": "C:\\Program Files (x86)\\Windows Kits\\10\\Windows Performance Toolkit\\WPRUI.exe",
    "version": null,
    "publisher": null,
    "tags": [
      "Windows Kits",
      "Windows Performance Toolkit"
    ],
    "category": "Windows Kits",
    "lastModified": "2025-05-13T13:17:16.0000000Z",
    "fileSize": 58944
  },
  {
    "name": "Windows Media Player Legacy",
    "path": "C:\\Program Files (x86)\\Windows Media Player\\wmplayer.exe",
    "version": null,
    "publisher": null,
    "tags": [
      "Accessories"
    ],
    "category": "Accessories",
    "lastModified": "2025-05-11T18:47:21.5947917Z",
    "fileSize": 167936
  },
  {
    "name": "Apache NetBeans",
    "path": "C:\\Program Files\\Apache NetBeans\\bin\\netbeans64.exe",
    "version": null,
    "publisher": null,
    "tags": [
      "General"
    ],
    "category": "General",
    "lastModified": "2025-04-10T19:22:58.0000000Z",
    "fileSize": 294912
  },
  {
    "name": "Audacity",
    "path": "C:\\Program Files\\Audacity\\Audacity.exe",
    "version": null,
    "publisher": null,
    "tags": [
      "General"
    ],
    "category": "General",
    "lastModified": "2025-06-11T08:00:14.0000000Z",
    "fileSize": 13283888
  },
  {
    "name": "Ahk2Exe",
    "path": "C:\\Program Files\\AutoHotkey\\Compiler\\Ahk2Exe.exe",
    "version": null,
    "publisher": null,
    "tags": [
      "General"
    ],
    "category": "General",
    "lastModified": "2022-12-07T10:59:15.2448844Z",
    "fileSize": 989696
  },
  {
    "name": "AutoHotkey Dash",
    "path": "C:\\Program Files\\AutoHotkey\\UX\\AutoHotkeyUX.exe",
    "version": null,
    "publisher": null,
    "tags": [
      "General"
    ],
    "category": "General",
    "lastModified": "2025-07-08T17:28:21.9355564Z",
    "fileSize": 1279488
  },
  {
    "name": "Brave",
    "path": "C:\\Program Files\\BraveSoftware\\Brave-Browser\\Application\\brave.exe",
    "version": null,
    "publisher": null,
    "tags": [
      "General"
    ],
    "category": "General",
    "lastModified": "2025-07-16T06:40:02.7407990Z",
    "fileSize": 3168848
  },
  {
    "name": "Qt Linguist",
    "path": "C:\\Program Files\\Cisco Packet Tracer 8.2.2\\bin\\linguist.exe",
    "version": null,
    "publisher": null,
    "tags": [
      "Cisco Packet Tracer"
    ],
    "category": "Cisco Packet Tracer",
    "lastModified": "2024-02-06T03:52:06.0000000Z",
    "fileSize": 1316864
  },
  {
    "name": "Cisco Packet Tracer",
    "path": "C:\\Program Files\\Cisco Packet Tracer 8.2.2\\bin\\PacketTracer.exe",
    "version": null,
    "publisher": null,
    "tags": [
      "Cisco Packet Tracer"
    ],
    "category": "Cisco Packet Tracer",
    "lastModified": "2024-02-21T01:09:24.0000000Z",
    "fileSize": 85821616
  },
  {
    "name": "Qt Linguist",
    "path": "C:\\Program Files\\Cisco Packet Tracer 9.0.0\\bin\\linguist.exe",
    "version": null,
    "publisher": null,
    "tags": [
      "Cisco Packet Tracer 9"
    ],
    "category": "Cisco Packet Tracer 9",
    "lastModified": "2024-11-08T13:10:46.0000000Z",
    "fileSize": 1039872
  },
  {
    "name": "Cisco Packet Tracer",
    "path": "C:\\Program Files\\Cisco Packet Tracer 9.0.0\\bin\\PacketTracer.exe",
    "version": null,
    "publisher": null,
    "tags": [
      "Cisco Packet Tracer 9"
    ],
    "category": "Cisco Packet Tracer 9",
    "lastModified": "2025-02-07T13:24:34.0000000Z",
    "fileSize": 104310448
  },
  {
    "name": "draw.io",
    "path": "C:\\Program Files\\draw.io\\draw.io.exe",
    "version": null,
    "publisher": null,
    "tags": [
      "General"
    ],
    "category": "General",
    "lastModified": "2025-05-26T17:12:00.0000000Z",
    "fileSize": 200715240
  },
  {
    "name": "Git GUI",
    "path": "C:\\Program Files\\Git\\cmd\\git-gui.exe",
    "version": null,
    "publisher": null,
    "tags": [
      "Git"
    ],
    "category": "Git",
    "lastModified": "2025-03-17T06:09:38.0000000Z",
    "fileSize": 137616
  },
  {
    "name": "Git Bash",
    "path": "C:\\Program Files\\Git\\git-bash.exe",
    "version": null,
    "publisher": null,
    "tags": [
      "Git"
    ],
    "category": "Git",
    "lastModified": "2025-03-17T06:09:38.0000000Z",
    "fileSize": 138640
  },
  {
    "name": "Git CMD",
    "path": "C:\\Program Files\\Git\\git-cmd.exe",
    "version": null,
    "publisher": null,
    "tags": [
      "Git"
    ],
    "category": "Git",
    "lastModified": "2025-03-17T06:09:38.0000000Z",
    "fileSize": 138112
  },
  {
    "name": "Git Release Notes",
    "path": "C:\\Program Files\\Git\\ReleaseNotes.html",
    "version": null,
    "publisher": null,
    "tags": [
      "Git"
    ],
    "category": "Git",
    "lastModified": "2025-03-17T06:21:06.0000000Z",
    "fileSize": 279013
  },
  {
    "name": "Google Chrome",
    "path": "C:\\Program Files\\Google\\Chrome\\Application\\chrome.exe",
    "version": null,
    "publisher": null,
    "tags": [
      "General"
    ],
    "category": "General",
    "lastModified": "2025-07-07T23:51:36.0519600Z",
    "fileSize": 3196512
  },
  {
    "name": "VMCreate",
    "path": "C:\\Program Files\\Hyper-V\\VMCreate.exe",
    "version": null,
    "publisher": null,
    "tags": [
      "Administrative Tools"
    ],
    "category": "Administrative Tools",
    "lastModified": "2025-05-11T18:47:15.6848520Z",
    "fileSize": 289360
  },
  {
    "name": "TreeSize Free Ajuda",
    "path": "C:\\Program Files\\JAM Software\\TreeSize Free\\TreeSizeFree.chm",
    "version": null,
    "publisher": null,
    "tags": [
      "TreeSize Free"
    ],
    "category": "TreeSize Free",
    "lastModified": "2024-05-07T09:43:18.0000000Z",
    "fileSize": 225148
  },
  {
    "name": "TreeSize Free (Administrator)",
    "path": "C:\\Program Files\\JAM Software\\TreeSize Free\\TreeSizeFree.exe",
    "version": null,
    "publisher": null,
    "tags": [
      "TreeSize Free"
    ],
    "category": "TreeSize Free",
    "lastModified": "2024-05-07T09:47:52.0000000Z",
    "fileSize": 53228760
  },
  {
    "name": "PyCharm 2025.1",
    "path": "C:\\Program Files\\JetBrains\\PyCharm 2025.1\\bin\\pycharm64.exe",
    "version": null,
    "publisher": null,
    "tags": [
      "JetBrains"
    ],
    "category": "JetBrains",
    "lastModified": "2025-07-07T09:24:55.1606150Z",
    "fileSize": 1488256
  },
  {
    "name": "Macrium Reflect",
    "path": "C:\\Program Files\\Macrium\\Reflect\\Reflect.exe",
    "version": null,
    "publisher": null,
    "tags": [
      "Macrium",
      "Reflect"
    ],
    "category": "Macrium",
    "lastModified": "2023-11-30T14:17:32.0000000Z",
    "fileSize": 2364296
  },
  {
    "name": "Excel",
    "path": "C:\\Program Files\\Microsoft Office\\root\\Office16\\EXCEL.EXE",
    "version": null,
    "publisher": null,
    "tags": [
      "General"
    ],
    "category": "General",
    "lastModified": "2025-07-11T19:55:14.3415527Z",
    "fileSize": 73047336
  },
  {
    "name": "Access",
    "path": "C:\\Program Files\\Microsoft Office\\root\\Office16\\MSACCESS.EXE",
    "version": null,
    "publisher": null,
    "tags": [
      "General"
    ],
    "category": "General",
    "lastModified": "2025-07-11T19:55:14.5369738Z",
    "fileSize": 20122952
  },
  {
    "name": "Publisher",
    "path": "C:\\Program Files\\Microsoft Office\\root\\Office16\\MSPUB.EXE",
    "version": null,
    "publisher": null,
    "tags": [
      "General"
    ],
    "category": "General",
    "lastModified": "2025-07-11T19:55:14.6584672Z",
    "fileSize": 13648208
  },
  {
    "name": "OneNote",
    "path": "C:\\Program Files\\Microsoft Office\\root\\Office16\\ONENOTE.EXE",
    "version": null,
    "publisher": null,
    "tags": [
      "General"
    ],
    "category": "General",
    "lastModified": "2025-07-11T19:55:14.8101733Z",
    "fileSize": 3005176
  },
  {
    "name": "Outlook (classic)",
    "path": "C:\\Program Files\\Microsoft Office\\root\\Office16\\OUTLOOK.EXE",
    "version": null,
    "publisher": null,
    "tags": [
      "General"
    ],
    "category": "General",
    "lastModified": "2025-07-11T19:55:15.0542715Z",
    "fileSize": 45073232
  },
  {
    "name": "PowerPoint",
    "path": "C:\\Program Files\\Microsoft Office\\root\\Office16\\POWERPNT.EXE",
    "version": null,
    "publisher": null,
    "tags": [
      "General"
    ],
    "category": "General",
    "lastModified": "2025-07-11T19:55:15.1642684Z",
    "fileSize": 1881368
  },
  {
    "name": "Preferências de Idioma do Office",
    "path": "C:\\Program Files\\Microsoft Office\\root\\Office16\\SETLANG.EXE",
    "version": null,
    "publisher": null,
    "tags": [
      "Ferramentas do Microsoft Office"
    ],
    "category": "Ferramentas do Microsoft Office",
    "lastModified": "2025-07-11T19:55:16.3519368Z",
    "fileSize": 84344
  },
  {
    "name": "Word",
    "path": "C:\\Program Files\\Microsoft Office\\root\\Office16\\WINWORD.EXE",
    "version": null,
    "publisher": null,
    "tags": [
      "General"
    ],
    "category": "General",
    "lastModified": "2025-07-11T19:55:16.4791742Z",
    "fileSize": 1769704
  },
  {
    "name": "OneDrive",
    "path": "C:\\Program Files\\Microsoft OneDrive\\OneDrive.exe",
    "version": null,
    "publisher": null,
    "tags": [
      "General"
    ],
    "category": "General",
    "lastModified": "2025-07-12T16:03:41.0754060Z",
    "fileSize": 4968296
  },
  {
    "name": "Blend for Visual Studio 2022",
    "path": "C:\\Program Files\\Microsoft Visual Studio\\2022\\Community\\Common7\\IDE\\Blend.exe",
    "version": null,
    "publisher": null,
    "tags": [
      "General"
    ],
    "category": "General",
    "lastModified": "2025-07-08T23:56:54.0893071Z",
    "fileSize": 1065056
  },
  {
    "name": "Start Experimental Instance of Visual Studio 2022",
    "path": "C:\\Program Files\\Microsoft Visual Studio\\2022\\Community\\Common7\\IDE\\devenv.exe",
    "version": null,
    "publisher": null,
    "tags": [
      "Visual Studio 2022",
      "Microsoft Visual Studio SDK",
      "Tools"
    ],
    "category": "Visual Studio 2022",
    "lastModified": "2025-07-08T23:56:54.0893071Z",
    "fileSize": 1066056
  },
  {
    "name": "Thunderbird",
    "path": "C:\\Program Files\\Mozilla Thunderbird\\thunderbird.exe",
    "version": null,
    "publisher": null,
    "tags": [
      "General"
    ],
    "category": "General",
    "lastModified": "2025-07-09T12:50:08.2540348Z",
    "fileSize": 480320
  },
  {
    "name": "MySQL 8.0 Command Line Client",
    "path": "C:\\Program Files\\MySQL\\MySQL Server 8.0\\bin\\mysql.exe",
    "version": null,
    "publisher": null,
    "tags": [
      "MySQL",
      "MySQL Server 8.0"
    ],
    "category": "MySQL",
    "lastModified": "2025-03-31T03:46:32.0000000Z",
    "fileSize": 7127104
  },
  {
    "name": "MySQL Shell",
    "path": "C:\\Program Files\\MySQL\\MySQL Shell 8.0\\bin\\mysqlsh.exe",
    "version": null,
    "publisher": null,
    "tags": [
      "MySQL"
    ],
    "category": "MySQL",
    "lastModified": "2025-03-18T09:05:14.0000000Z",
    "fileSize": 40203328
  },
  {
    "name": "MySQL Workbench 8.0 CE",
    "path": "C:\\Program Files\\MySQL\\MySQL Workbench 8.0\\MySQLWorkbench.exe",
    "version": null,
    "publisher": null,
    "tags": [
      "MySQL"
    ],
    "category": "MySQL",
    "lastModified": "2025-03-19T20:51:10.0000000Z",
    "fileSize": 522320
  },
  {
    "name": "Apache NetBeans IDE 25",
    "path": "C:\\Program Files\\NetBeans-25\\netbeans\\bin\\netbeans64.exe",
    "version": null,
    "publisher": null,
    "tags": [
      "Apache NetBeans"
    ],
    "category": "Apache NetBeans",
    "lastModified": "2025-01-07T17:33:06.0000000Z",
    "fileSize": 294400
  },
  {
    "name": "Node.js",
    "path": "C:\\Program Files\\nodejs\\node.exe",
    "version": null,
    "publisher": null,
    "tags": [
      "Node.js"
    ],
    "category": "Node.js",
    "lastModified": "2025-06-24T13:11:00.0000000Z",
    "fileSize": 85219968
  },
  {
    "name": "Notepad++",
    "path": "C:\\Program Files\\Notepad++\\notepad++.exe",
    "version": null,
    "publisher": null,
    "tags": [
      "General"
    ],
    "category": "General",
    "lastModified": "2025-07-08T23:41:18.0000000Z",
    "fileSize": 8719360
  },
  {
    "name": "OBS Studio (64bit)",
    "path": "C:\\Program Files\\obs-studio\\bin\\64bit\\obs64.exe",
    "version": null,
    "publisher": null,
    "tags": [
      "OBS Studio"
    ],
    "category": "OBS Studio",
    "lastModified": "2025-05-27T12:29:33.5669783Z",
    "fileSize": 5131824
  },
  {
    "name": "PowerShell 7-preview (x64)",
    "path": "C:\\Program Files\\PowerShell\\7-preview\\pwsh.exe",
    "version": null,
    "publisher": null,
    "tags": [
      "PowerShell"
    ],
    "category": "PowerShell",
    "lastModified": "2025-04-03T21:23:36.0000000Z",
    "fileSize": 280448
  },
  {
    "name": "PowerShell 7 (x64)",
    "path": "C:\\Program Files\\PowerShell\\7\\pwsh.exe",
    "version": null,
    "publisher": null,
    "tags": [
      "PowerShell"
    ],
    "category": "PowerShell",
    "lastModified": "2025-06-18T20:54:50.0000000Z",
    "fileSize": 297496
  },
  {
    "name": "Python 3.13 Manuals (64-bit)",
    "path": "C:\\Program Files\\Python313\\Doc\\html\\index.html",
    "version": null,
    "publisher": null,
    "tags": [
      "Python 3.13"
    ],
    "category": "Python 3.13",
    "lastModified": "2025-06-11T17:10:06.0000000Z",
    "fileSize": 15587
  },
  {
    "name": "Python 3.13 Module Docs (64-bit)",
    "path": "C:\\Program Files\\Python313\\python.exe",
    "version": null,
    "publisher": null,
    "tags": [
      "Python 3.13"
    ],
    "category": "Python 3.13",
    "lastModified": "2025-06-11T17:10:24.0000000Z",
    "fileSize": 105816
  },
  {
    "name": "IDLE (Python 3.13 64-bit)",
    "path": "C:\\Program Files\\Python313\\pythonw.exe",
    "version": null,
    "publisher": null,
    "tags": [
      "Python 3.13"
    ],
    "category": "Python 3.13",
    "lastModified": "2025-06-11T17:10:22.0000000Z",
    "fileSize": 104280
  },
  {
    "name": "Rainmeter",
    "path": "C:\\Program Files\\Rainmeter\\Rainmeter.exe",
    "version": null,
    "publisher": null,
    "tags": [
      "General"
    ],
    "category": "General",
    "lastModified": "2025-04-12T17:31:28.0000000Z",
    "fileSize": 469432
  },
  {
    "name": "Bulk Rename (Ubuntu-24.04)",
    "path": "C:\\Program Files\\WSL\\wslg.exe",
    "version": null,
    "publisher": null,
    "tags": [
      "Ubuntu-24.04"
    ],
    "category": "Ubuntu-24.04",
    "lastModified": "2025-06-09T17:35:38.0000000Z",
    "fileSize": 4089888
  },
  {
    "name": "Claude",
    "path": "C:\\Users\\nunos\\AppData\\Local\\AnthropicClaude\\claude.exe",
    "version": null,
    "publisher": null,
    "tags": [
      "Anthropic"
    ],
    "category": "Anthropic",
    "lastModified": "2025-07-15T16:48:57.6965977Z",
    "fileSize": 373584
  },
  {
    "name": "GitHub Desktop",
    "path": "C:\\Users\\nunos\\AppData\\Local\\GitHubDesktop\\GitHubDesktop.exe",
    "version": null,
    "publisher": null,
    "tags": [
      "GitHub, Inc"
    ],
    "category": "GitHub, Inc",
    "lastModified": "2025-07-15T16:48:07.8216618Z",
    "fileSize": 400488
  },
  {
    "name": "PowerToys (Preview)",
    "path": "C:\\Users\\nunos\\AppData\\Local\\PowerToys\\PowerToys.exe",
    "version": null,
    "publisher": null,
    "tags": [
      "PowerToys (Preview)"
    ],
    "category": "PowerToys (Preview)",
    "lastModified": "2025-07-01T13:04:58.0000000Z",
    "fileSize": 1273376
  },
  {
    "name": "Jan",
    "path": "C:\\Users\\nunos\\AppData\\Local\\Programs\\jan\\Jan.exe",
    "version": null,
    "publisher": null,
    "tags": [
      "General"
    ],
    "category": "General",
    "lastModified": "2025-05-14T11:27:52.0000000Z",
    "fileSize": 177040016
  },
  {
    "name": "LM Studio",
    "path": "C:\\Users\\nunos\\AppData\\Local\\Programs\\LM Studio\\LM Studio.exe",
    "version": null,
    "publisher": null,
    "tags": [
      "General"
    ],
    "category": "General",
    "lastModified": "2025-06-13T23:53:56.0000000Z",
    "fileSize": 188938368
  },
  {
    "name": "Visual Studio Code",
    "path": "C:\\Users\\nunos\\AppData\\Local\\Programs\\Microsoft VS Code\\Code.exe",
    "version": null,
    "publisher": null,
    "tags": [
      "Visual Studio Code"
    ],
    "category": "Visual Studio Code",
    "lastModified": "2025-07-15T18:27:06.0000000Z",
    "fileSize": 192451104
  },
  {
    "name": "Obsidian",
    "path": "C:\\Users\\nunos\\AppData\\Local\\Programs\\Obsidian\\Obsidian.exe",
    "version": null,
    "publisher": null,
    "tags": [
      "General"
    ],
    "category": "General",
    "lastModified": "2025-04-21T15:48:42.0000000Z",
    "fileSize": 190591440
  },
  {
    "name": "Ollama",
    "path": "C:\\Users\\nunos\\AppData\\Local\\Programs\\Ollama\\ollama app.exe",
    "version": null,
    "publisher": null,
    "tags": [
      "Ollama"
    ],
    "category": "Ollama",
    "lastModified": "2025-07-08T13:51:44.0000000Z",
    "fileSize": 11600320
  },
  {
    "name": "Python 3.12 Manuals (64-bit)",
    "path": "C:\\Users\\nunos\\AppData\\Local\\Programs\\Python\\Python312\\Doc\\html\\index.html",
    "version": null,
    "publisher": null,
    "tags": [
      "Python 3.12"
    ],
    "category": "Python 3.12",
    "lastModified": "2024-04-09T13:50:28.0000000Z",
    "fileSize": 14602
  },
  {
    "name": "Python 3.12 (64-bit)",
    "path": "C:\\Users\\nunos\\AppData\\Local\\Programs\\Python\\Python312\\python.exe",
    "version": null,
    "publisher": null,
    "tags": [
      "Python 3.12"
    ],
    "category": "Python 3.12",
    "lastModified": "2024-04-09T13:51:02.0000000Z",
    "fileSize": 103192
  },
  {
    "name": "IDLE (Python 3.12 64-bit)",
    "path": "C:\\Users\\nunos\\AppData\\Local\\Programs\\Python\\Python312\\pythonw.exe",
    "version": null,
    "publisher": null,
    "tags": [
      "Python 3.12"
    ],
    "category": "Python 3.12",
    "lastModified": "2024-04-09T13:51:02.0000000Z",
    "fileSize": 101656
  },
  {
    "name": "GPT4All",
    "path": "C:\\Users\\nunos\\gpt4all\\bin\\chat.exe",
    "version": null,
    "publisher": null,
    "tags": [
      "GPT4All"
    ],
    "category": "GPT4All",
    "lastModified": "2025-02-24T23:04:25.9431198Z",
    "fileSize": 3329024
  },
  {
    "name": "Windows Software Development Kit",
    "path": "C:\\WINDOWS\\explorer.exe",
    "version": null,
    "publisher": null,
    "tags": [
      "Windows Kits",
      "Windows Software Development Kit"
    ],
    "category": "Windows Kits",
    "lastModified": "2025-05-11T18:47:08.4554537Z",
    "fileSize": 2935224
  },
  {
    "name": "Python 3.9 Manuals (64-bit)",
    "path": "C:\\WINDOWS\\hh.exe",
    "version": null,
    "publisher": null,
    "tags": [
      "Python 3.9"
    ],
    "category": "Python 3.9",
    "lastModified": "2025-05-11T18:47:20.5202396Z",
    "fileSize": 40960
  },
  {
    "name": "Microsoft Azure Compute Emulator - v2.9",
    "path": "C:\\WINDOWS\\Installer\\{04CA054C-2F40-44B0-8610-8D51EC9444FE}\\DFIcon.exe",
    "version": null,
    "publisher": null,
    "tags": [
      "Microsoft Azure",
      "Emulator"
    ],
    "category": "Microsoft Azure",
    "lastModified": "2025-07-02T12:06:38.2196742Z",
    "fileSize": 29926
  },
  {
    "name": "Release Notes",
    "path": "C:\\WINDOWS\\Installer\\{90462BD2-DF5B-449C-A401-FCC1DC264E4E}\\RELNIcon.exe",
    "version": null,
    "publisher": null,
    "tags": [
      "Microsoft Azure",
      "Microsoft Azure SDK for .NET",
      "v2.9"
    ],
    "category": "Microsoft Azure",
    "lastModified": "2025-07-02T12:06:35.9972058Z",
    "fileSize": 32746
  },
  {
    "name": "Samples",
    "path": "C:\\WINDOWS\\Installer\\{90462BD2-DF5B-449C-A401-FCC1DC264E4E}\\WAIcon.exe",
    "version": null,
    "publisher": null,
    "tags": [
      "Microsoft Azure",
      "Microsoft Azure SDK for .NET",
      "v2.9"
    ],
    "category": "Microsoft Azure",
    "lastModified": "2025-07-02T12:06:35.9978371Z",
    "fileSize": 82726
  },
  {
    "name": "WSL",
    "path": "C:\\WINDOWS\\Installer\\{FE9F6D2C-A292-4552-A748-A2DFD5984F6C}\\wsl.ico",
    "version": null,
    "publisher": null,
    "tags": [
      "General"
    ],
    "category": "General",
    "lastModified": "2025-07-08T11:29:32.4172783Z",
    "fileSize": 64582
  },
  {
    "name": "Registry Editor",
    "path": "C:\\WINDOWS\\regedit.exe",
    "version": null,
    "publisher": null,
    "tags": [
      "Administrative Tools"
    ],
    "category": "Administrative Tools",
    "lastModified": "2025-05-11T18:47:14.6630910Z",
    "fileSize": 622592
  },
  {
    "name": "Application Verifier (X64)",
    "path": "C:\\Windows\\System32\\appverif.exe",
    "version": null,
    "publisher": null,
    "tags": [
      "Windows Kits",
      "Application Verifier (X64)"
    ],
    "category": "Windows Kits",
    "lastModified": "2025-05-13T13:17:20.0000000Z",
    "fileSize": 162760
  },
  {
    "name": "Character Map",
    "path": "C:\\WINDOWS\\system32\\charmap.exe",
    "version": null,
    "publisher": null,
    "tags": [
      "Accessories",
      "System Tools"
    ],
    "category": "Accessories",
    "lastModified": "2025-05-11T18:47:14.2642069Z",
    "fileSize": 274432
  },
  {
    "name": "Disk Cleanup",
    "path": "C:\\WINDOWS\\system32\\cleanmgr.exe",
    "version": null,
    "publisher": null,
    "tags": [
      "Administrative Tools"
    ],
    "category": "Administrative Tools",
    "lastModified": "2025-05-11T18:47:14.8947857Z",
    "fileSize": 327680
  },
  {
    "name": "Developer Command Prompt for VS 2019",
    "path": "C:\\Windows\\System32\\cmd.exe",
    "version": null,
    "publisher": null,
    "tags": [
      "Visual Studio 2019",
      "Visual Studio Tools"
    ],
    "category": "Visual Studio 2019",
    "lastModified": "2025-05-11T18:47:09.4453999Z",
    "fileSize": 376832
  },
  {
    "name": "Component Services",
    "path": "C:\\WINDOWS\\system32\\comexp.msc",
    "version": null,
    "publisher": null,
    "tags": [
      "Administrative Tools"
    ],
    "category": "Administrative Tools",
    "lastModified": "2024-04-01T07:22:11.0441239Z",
    "fileSize": 124118
  },
  {
    "name": "Computer Management",
    "path": "C:\\WINDOWS\\system32\\compmgmt.msc",
    "version": null,
    "publisher": null,
    "tags": [
      "Administrative Tools"
    ],
    "category": "Administrative Tools",
    "lastModified": "2024-04-01T07:22:40.0286803Z",
    "fileSize": 113256
  },
  {
    "name": "Administrative Tools",
    "path": "C:\\WINDOWS\\system32\\control.exe",
    "version": null,
    "publisher": null,
    "tags": [
      "General"
    ],
    "category": "General",
    "lastModified": "2025-05-11T18:47:08.2661584Z",
    "fileSize": 122880
  },
  {
    "name": "dfrgui",
    "path": "C:\\WINDOWS\\system32\\dfrgui.exe",
    "version": null,
    "publisher": null,
    "tags": [
      "Administrative Tools"
    ],
    "category": "Administrative Tools",
    "lastModified": "2025-05-11T18:47:14.1850471Z",
    "fileSize": 143360
  },
  {
    "name": "Event Viewer",
    "path": "C:\\WINDOWS\\system32\\eventvwr.msc",
    "version": null,
    "publisher": null,
    "tags": [
      "Administrative Tools"
    ],
    "category": "Administrative Tools",
    "lastModified": "2024-04-01T07:22:16.7785274Z",
    "fileSize": 145127
  },
  {
    "name": "iSCSI Initiator",
    "path": "C:\\WINDOWS\\system32\\iscsicpl.exe",
    "version": null,
    "publisher": null,
    "tags": [
      "Administrative Tools"
    ],
    "category": "Administrative Tools",
    "lastModified": "2024-04-01T07:22:40.1849806Z",
    "fileSize": 32768
  },
  {
    "name": "LiveCaptions",
    "path": "C:\\WINDOWS\\system32\\LiveCaptions.exe",
    "version": null,
    "publisher": null,
    "tags": [
      "Accessibility"
    ],
    "category": "Accessibility",
    "lastModified": "2025-05-11T18:47:09.9047060Z",
    "fileSize": 188416
  },
  {
    "name": "Magnify",
    "path": "C:\\WINDOWS\\system32\\magnify.exe",
    "version": null,
    "publisher": null,
    "tags": [
      "Accessibility"
    ],
    "category": "Accessibility",
    "lastModified": "2025-05-11T18:47:09.9615202Z",
    "fileSize": 778240
  },
  {
    "name": "Memory Diagnostics Tool",
    "path": "C:\\WINDOWS\\system32\\MdSched.exe",
    "version": null,
    "publisher": null,
    "tags": [
      "Administrative Tools"
    ],
    "category": "Administrative Tools",
    "lastModified": "2024-04-01T07:22:17.7005546Z",
    "fileSize": 114688
  },
  {
    "name": "Hyper-V Manager",
    "path": "C:\\WINDOWS\\System32\\mmc.exe",
    "version": null,
    "publisher": null,
    "tags": [
      "Administrative Tools"
    ],
    "category": "Administrative Tools",
    "lastModified": "2025-05-11T18:47:15.4998418Z",
    "fileSize": 1847296
  },
  {
    "name": "System Configuration",
    "path": "C:\\WINDOWS\\system32\\msconfig.exe",
    "version": null,
    "publisher": null,
    "tags": [
      "Administrative Tools"
    ],
    "category": "Administrative Tools",
    "lastModified": "2025-05-11T18:47:15.5273583Z",
    "fileSize": 286720
  },
  {
    "name": "System Information",
    "path": "C:\\WINDOWS\\system32\\msinfo32.exe",
    "version": null,
    "publisher": null,
    "tags": [
      "Administrative Tools"
    ],
    "category": "Administrative Tools",
    "lastModified": "2025-05-11T18:47:15.1641736Z",
    "fileSize": 401408
  },
  {
    "name": "Remote Desktop Connection",
    "path": "C:\\WINDOWS\\system32\\mstsc.exe",
    "version": null,
    "publisher": null,
    "tags": [
      "Accessories"
    ],
    "category": "Accessories",
    "lastModified": "2025-05-11T18:47:14.4850682Z",
    "fileSize": 1372160
  },
  {
    "name": "Narrator",
    "path": "C:\\WINDOWS\\system32\\narrator.exe",
    "version": null,
    "publisher": null,
    "tags": [
      "Accessibility"
    ],
    "category": "Accessibility",
    "lastModified": "2025-05-11T18:47:09.9869384Z",
    "fileSize": 950272
  },
  {
    "name": "my.ini (MariaDB 11.8 (x64))",
    "path": "C:\\Windows\\System32\\notepad.exe",
    "version": null,
    "publisher": null,
    "tags": [
      "MariaDB 11.8 (x64)"
    ],
    "category": "MariaDB 11.8 (x64)",
    "lastModified": "2025-05-11T18:47:17.0111360Z",
    "fileSize": 360448
  },
  {
    "name": "ODBC Data Sources (64-bit)",
    "path": "C:\\WINDOWS\\system32\\odbcad32.exe",
    "version": null,
    "publisher": null,
    "tags": [
      "Administrative Tools"
    ],
    "category": "Administrative Tools",
    "lastModified": "2024-04-01T07:22:16.8566551Z",
    "fileSize": 102400
  },
  {
    "name": "On-Screen Keyboard",
    "path": "C:\\WINDOWS\\system32\\osk.exe",
    "version": null,
    "publisher": null,
    "tags": [
      "Accessibility"
    ],
    "category": "Accessibility",
    "lastModified": "2025-05-11T18:47:09.9391136Z",
    "fileSize": 589824
  },
  {
    "name": "Resource Monitor",
    "path": "C:\\WINDOWS\\system32\\perfmon.exe",
    "version": null,
    "publisher": null,
    "tags": [
      "Administrative Tools"
    ],
    "category": "Administrative Tools",
    "lastModified": "2025-05-11T18:47:24.3150509Z",
    "fileSize": 180224
  },
  {
    "name": "Performance Monitor",
    "path": "C:\\WINDOWS\\system32\\perfmon.msc",
    "version": null,
    "publisher": null,
    "tags": [
      "Administrative Tools"
    ],
    "category": "Administrative Tools",
    "lastModified": "2024-04-01T07:22:45.0601116Z",
    "fileSize": 145519
  },
  {
    "name": "Print Management",
    "path": "C:\\WINDOWS\\system32\\printmanagement.msc",
    "version": null,
    "publisher": null,
    "tags": [
      "Administrative Tools"
    ],
    "category": "Administrative Tools",
    "lastModified": "2024-03-28T12:54:00.0000000Z",
    "fileSize": 146389
  },
  {
    "name": "Steps Recorder",
    "path": "C:\\WINDOWS\\system32\\psr.exe",
    "version": null,
    "publisher": null,
    "tags": [
      "Accessories"
    ],
    "category": "Accessories",
    "lastModified": "2025-05-11T18:47:17.1100125Z",
    "fileSize": 425984
  },
  {
    "name": "RecoveryDrive",
    "path": "C:\\WINDOWS\\system32\\RecoveryDrive.exe",
    "version": null,
    "publisher": null,
    "tags": [
      "Administrative Tools"
    ],
    "category": "Administrative Tools",
    "lastModified": "2025-05-11T18:47:14.2323295Z",
    "fileSize": 356352
  },
  {
    "name": "Security Configuration Management",
    "path": "C:\\WINDOWS\\system32\\secpol.msc",
    "version": null,
    "publisher": null,
    "tags": [
      "Administrative Tools"
    ],
    "category": "Administrative Tools",
    "lastModified": "2024-04-01T16:39:57.2852610Z",
    "fileSize": 120458
  },
  {
    "name": "services",
    "path": "C:\\WINDOWS\\system32\\services.msc",
    "version": null,
    "publisher": null,
    "tags": [
      "Administrative Tools"
    ],
    "category": "Administrative Tools",
    "lastModified": "2024-04-01T07:22:17.4660394Z",
    "fileSize": 92746
  },
  {
    "name": "Task Manager",
    "path": "C:\\WINDOWS\\system32\\taskmgr.exe",
    "version": null,
    "publisher": null,
    "tags": [
      "System Tools"
    ],
    "category": "System Tools",
    "lastModified": "2025-05-11T18:47:10.3493513Z",
    "fileSize": 5406144
  },
  {
    "name": "Task Scheduler",
    "path": "C:\\WINDOWS\\system32\\taskschd.msc",
    "version": null,
    "publisher": null,
    "tags": [
      "Administrative Tools"
    ],
    "category": "Administrative Tools",
    "lastModified": "2024-04-01T07:22:07.6534661Z",
    "fileSize": 145059
  },
  {
    "name": "VoiceAccess",
    "path": "C:\\WINDOWS\\system32\\voiceaccess.exe",
    "version": null,
    "publisher": null,
    "tags": [
      "Accessibility"
    ],
    "category": "Accessibility",
    "lastModified": "2025-05-11T18:47:09.9909445Z",
    "fileSize": 282624
  },
  {
    "name": "Windows Defender Firewall with Advanced Security",
    "path": "C:\\WINDOWS\\system32\\WF.msc",
    "version": null,
    "publisher": null,
    "tags": [
      "Administrative Tools"
    ],
    "category": "Administrative Tools",
    "lastModified": "2024-04-01T07:22:43.5912050Z",
    "fileSize": 115109
  },
  {
    "name": "Windows PowerShell ISE",
    "path": "C:\\WINDOWS\\system32\\WindowsPowerShell\\v1.0\\PowerShell_ISE.exe",
    "version": null,
    "publisher": null,
    "tags": [
      "Windows PowerShell"
    ],
    "category": "Windows PowerShell",
    "lastModified": "2025-05-11T18:47:18.7420288Z",
    "fileSize": 212992
  },
  {
    "name": "Windows PowerShell",
    "path": "C:\\Windows\\System32\\WindowsPowerShell\\v1.0\\powershell.exe",
    "version": null,
    "publisher": null,
    "tags": [
      "Windows PowerShell"
    ],
    "category": "Windows PowerShell",
    "lastModified": "2024-04-01T07:22:31.0130066Z",
    "fileSize": 454656
  },
  {
    "name": "Application Verifier (WOW)",
    "path": "C:\\Windows\\SysWOW64\\appverif.exe",
    "version": null,
    "publisher": null,
    "tags": [
      "Windows Kits",
      "Application Verifier (X86)"
    ],
    "category": "Windows Kits",
    "lastModified": "2025-05-13T13:17:06.0000000Z",
    "fileSize": 112760
  },
  {
    "name": "ODBC Data Sources (32-bit)",
    "path": "C:\\WINDOWS\\syswow64\\odbcad32.exe",
    "version": null,
    "publisher": null,
    "tags": [
      "Administrative Tools"
    ],
    "category": "Administrative Tools",
    "lastModified": "2025-05-11T18:47:16.2393607Z",
    "fileSize": 72704
  },
  {
    "name": "Windows PowerShell ISE (x86)",
    "path": "C:\\WINDOWS\\syswow64\\WindowsPowerShell\\v1.0\\PowerShell_ISE.exe",
    "version": null,
    "publisher": null,
    "tags": [
      "Windows PowerShell"
    ],
    "category": "Windows PowerShell",
    "lastModified": "2025-05-11T18:47:18.7420288Z",
    "fileSize": 213504
  },
  {
    "name": "Debuggable Package Manager",
    "path": "C:\\Windows\\SysWOW64\\WindowsPowerShell\\v1.0\\powershell.exe",
    "version": null,
    "publisher": null,
    "tags": [
      "Visual Studio 2019",
      "Visual Studio Tools"
    ],
    "category": "Visual Studio 2019",
    "lastModified": "2024-04-01T07:22:31.4036377Z",
    "fileSize": 424448
  },
  {
    "name": "XAMPP Control Panel",
    "path": "C:\\xampp\\xampp-control.exe",
    "version": null,
    "publisher": null,
    "tags": [
      "XAMPP"
    ],
    "category": "XAMPP",
    "lastModified": "2021-04-06T11:38:27.0000000Z",
    "fileSize": 3368448
  },
  {
    "name": "DBeaver",
    "path": "D:\\GitHub\\DBeaver\\dbeaver.exe",
    "version": null,
    "publisher": null,
    "tags": [
      "DBeaver Community"
    ],
    "category": "DBeaver Community",
    "lastModified": "2025-07-06T14:52:08.0000000Z",
    "fileSize": 533544
  }
]
